Title:,source,Short Description
Deer hunting,Milwaukee Journal Sentinel •,"Smith: Hunters, public are key allies to law enforcement"
Wisconsin,WSAU News • 28 minutes ago,Cole Retires As DNR Head
Carvana Co.,CarBuzz • 2 hours ago,Carvana Slashes 1500 Jobs In Latest Sign Of Big Problems
Villanova Wildcats men's basketball,NRToday.com • 8 hours ago,"Michigan St. 73, Villanova 71"
Philadelphia Marathon,FOX 29 Philadelphia • 14 hours ago,"2022 Philadelphia Marathon: Runners from all 50 states, dozens of countries arrive ahead of marathon"
Christmas,Women's Health • 19 minutes ago,150 Christmas Instagram Captions To Spread Holiday Cheer
Central Arkansas Bears and Sugar Bears,Sports Illustrated • 3 hours ago,"How to Watch Rider vs. Central Arkansas: Live Stream, TV Channel, Start Time"
Kalamazoo,WWMT-TV • 19 hours ago,Maple Hill Holiday Parade kicks off Saturday in Kalamazoo
Southern Ontario,CP24 Toronto's Breaking News •,'It's like taking a snow hose and aiming it right at Buffalo:' Why the GTA will escape the worst of this weekend's storm
Antonio Brown,EssentiallySports • 23 minutes ago,Notorious WR Antonio Brown Shows an Unseen Side of Him as He Supports Protests Against the NFL Regarding This ...
University of South Florida,247Sports • 18 hours ago,"USF coaching search: Scott Frost, Tom Allen named potential candidates for opening by Tampa Bay Times"
Tyson Foods,New York Post • 10 hours ago,Bodycam footage shows arrest of Tyson CFO John Tyson after he passed out in stranger's bed
